<?xml version="1.0" encoding="UTF-8"?>
<project-private xmlns="http://www.netbeans.org/ns/project-private/1">
    <editor-bookmarks xmlns="http://www.netbeans.org/ns/editor-bookmarks/2" lastBookmarkId="0"/>
    <open-files xmlns="http://www.netbeans.org/ns/projectui-open-files/2">
        <group>
            <file>file:/C:/Users/pacma/OneDrive/Documents/NetBeansProjects/CourseSchedulerGrantAllenGDA5080/CourseSchedulerGrantAllenGDA5080/src/CourseEntry.java</file>
            <file>file:/C:/Users/pacma/OneDrive/Documents/NetBeansProjects/CourseSchedulerGrantAllenGDA5080/CourseSchedulerGrantAllenGDA5080/src/MainFrame.java</file>
            <file>file:/C:/Users/pacma/OneDrive/Documents/NetBeansProjects/CourseSchedulerGrantAllenGDA5080/CourseSchedulerGrantAllenGDA5080/src/ScheduleQueries.java</file>
            <file>file:/C:/Users/pacma/OneDrive/Documents/NetBeansProjects/CourseSchedulerGrantAllenGDA5080/CourseSchedulerGrantAllenGDA5080/src/ClassQueries.java</file>
            <file>file:/C:/Users/pacma/OneDrive/Documents/NetBeansProjects/CourseSchedulerGrantAllenGDA5080/CourseSchedulerGrantAllenGDA5080/src/CourseQueries.java</file>
            <file>file:/C:/Users/pacma/OneDrive/Documents/NetBeansProjects/CourseSchedulerGrantAllenGDA5080/CourseSchedulerGrantAllenGDA5080/src/MultiTableQueries.java</file>
            <file>file:/C:/Users/pacma/OneDrive/Documents/NetBeansProjects/CourseSchedulerGrantAllenGDA5080/CourseSchedulerGrantAllenGDA5080/src/ClassEntry.java</file>
            <file>file:/C:/Users/pacma/OneDrive/Documents/NetBeansProjects/CourseSchedulerGrantAllenGDA5080/CourseSchedulerGrantAllenGDA5080/src/ScheduleEntry.java</file>
            <file>file:/C:/Users/pacma/OneDrive/Documents/NetBeansProjects/CourseSchedulerGrantAllenGDA5080/CourseSchedulerGrantAllenGDA5080/src/DBConnection.java</file>
            <file>file:/C:/Users/pacma/OneDrive/Documents/NetBeansProjects/CourseSchedulerGrantAllenGDA5080/CourseSchedulerGrantAllenGDA5080/src/SemesterQueries.java</file>
            <file>file:/C:/Users/pacma/OneDrive/Documents/NetBeansProjects/CourseSchedulerGrantAllenGDA5080/CourseSchedulerGrantAllenGDA5080/src/StudentEntry.java</file>
            <file>file:/C:/Users/pacma/OneDrive/Documents/NetBeansProjects/CourseSchedulerGrantAllenGDA5080/CourseSchedulerGrantAllenGDA5080/src/StudentQueries.java</file>
            <file>file:/C:/Users/pacma/OneDrive/Documents/NetBeansProjects/CourseSchedulerGrantAllenGDA5080/CourseSchedulerGrantAllenGDA5080/src/ClassDescription.java</file>
        </group>
    </open-files>
</project-private>
