<?xml version="1.0" encoding="UTF-8"?>
<project-private xmlns="http://www.netbeans.org/ns/project-private/1">
    <editor-bookmarks xmlns="http://www.netbeans.org/ns/editor-bookmarks/2" lastBookmarkId="0"/>
    <open-files xmlns="http://www.netbeans.org/ns/projectui-open-files/2">
        <group>
            <file>file:/C:/Users/pacma/OneDrive/Documents/NetBeansProjects/HW2/src/hw3/Address.java</file>
            <file>file:/C:/Users/pacma/OneDrive/Documents/NetBeansProjects/HW2/src/hw3/CarLoan.java</file>
            <file>file:/C:/Users/pacma/OneDrive/Documents/NetBeansProjects/HW2/src/hw3/PrimaryMortgage.java</file>
            <file>file:/C:/Users/pacma/OneDrive/Documents/NetBeansProjects/HW2/src/hw3/UnsecuredLoan.java</file>
            <file>file:/C:/Users/pacma/OneDrive/Documents/NetBeansProjects/HW2/src/hw3/Customer.java</file>
            <file>file:/C:/Users/pacma/OneDrive/Documents/NetBeansProjects/HW2/src/hw3/HW3.java</file>
            <file>file:/C:/Users/pacma/OneDrive/Documents/NetBeansProjects/HW2/src/hw3/LoanAccount.java</file>
        </group>
    </open-files>
</project-private>
