<?xml version="1.0" encoding="UTF-8"?>
<project-private xmlns="http://www.netbeans.org/ns/project-private/1">
    <editor-bookmarks xmlns="http://www.netbeans.org/ns/editor-bookmarks/2" lastBookmarkId="0"/>
    <open-files xmlns="http://www.netbeans.org/ns/projectui-open-files/2">
        <group>
            <file>file:/C:/Users/pacma/OneDrive/Documents/NetBeansProjects/HW2/src/hw2/PrimaryMortgage.java</file>
            <file>file:/C:/Users/pacma/OneDrive/Documents/NetBeansProjects/HW2/src/hw2/UnsecuredLoan.java</file>
            <file>file:/C:/Users/pacma/OneDrive/Documents/NetBeansProjects/HW2/src/hw2/Address.java</file>
            <file>file:/C:/Users/pacma/OneDrive/Documents/NetBeansProjects/HW2/src/hw2/CarLoan.java</file>
            <file>file:/C:/Users/pacma/OneDrive/Documents/NetBeansProjects/HW2/src/hw2/LoanAccount.java</file>
            <file>file:/C:/Users/pacma/OneDrive/Documents/NetBeansProjects/HW2/src/hw2/HW2.java</file>
        </group>
    </open-files>
</project-private>
